Date_of_interaction,User_age_group,Reported_emotion,Sentiment_score,AI_response_classification,User_follow_up_behaviour,Conversation_length_tokens
2025-02-04,18-24,anxious,-0.422,neutral,returned,226
2025-02-04,25-34,overwhelmed,-0.66,corrective,escalated_to_human,454
2025-02-05,25-34,stressed,-0.146,neutral,returned,343
2025-02-06,13-17,overwhelmed,-0.455,empathetic,dropped,548
2025-02-06,13-17,sad,-0.517,corrective,escalated_to_human,367
2025-02-06,55-64,hopeful,0.547,empathetic,returned,172
2025-02-06,55-64,sad,-0.464,neutral,returned,291
2025-02-06,18-24,anxious,-0.411,corrective,returned,537
2025-02-07,25-34,stressed,0.036,empathetic,returned,1388
2025-02-08,65+,sad,-0.328,empathetic,returned,391
2025-02-09,18-24,calm,0.26,supportive,dropped,281
2025-02-09,25-34,anxious,-0.087,supportive,returned,405
2025-02-09,25-34,sad,-0.608,corrective,dropped,279
2025-02-09,25-34,anxious,-0.365,supportive,returned,651
2025-02-10,18-24,calm,0.393,supportive,dropped,211
2025-02-10,35-44,anxious,-0.45,corrective,dropped,477
2025-02-13,18-24,hopeful,0.445,empathetic,returned,362
2025-02-13,45-54,overwhelmed,-0.082,empathetic,dropped,307
2025-02-14,55-64,hopeful,0.792,supportive,returned,249
2025-02-14,25-34,calm,0.689,supportive,returned,250
2025-02-14,35-44,sad,-0.421,supportive,dropped,284
2025-02-14,45-54,sad,-0.124,supportive,returned,492
2025-02-15,55-64,anxious,-0.168,neutral,escalated_to_human,270
2025-02-16,55-64,anxious,-0.347,neutral,returned,338
2025-02-16,25-34,stressed,-0.173,empathetic,dropped,298
2025-02-17,55-64,anxious,-0.336,neutral,dropped,269
2025-02-17,35-44,anxious,-0.424,empathetic,escalated_to_human,298
2025-02-18,18-24,stressed,-0.258,empathetic,returned,329
2025-02-18,25-34,calm,0.427,supportive,returned,210
2025-02-18,55-64,anxious,-0.443,supportive,returned,351
2025-02-18,25-34,anxious,-0.686,neutral,returned,208
2025-02-18,35-44,anxious,-0.229,supportive,returned,331
2025-02-19,35-44,calm,0.354,neutral,returned,157
2025-02-19,35-44,stressed,-0.495,neutral,escalated_to_human,262
2025-02-19,18-24,sad,0.128,supportive,dropped,274
2025-02-19,35-44,stressed,-0.238,supportive,returned,243
2025-02-19,55-64,stressed,-0.448,supportive,escalated_to_human,522
2025-02-19,18-24,lonely,-0.335,empathetic,dropped,441
2025-02-20,13-17,stressed,-0.373,corrective,dropped,314
2025-02-21,55-64,anxious,-0.348,neutral,returned,182
2025-02-21,45-54,hopeful,0.115,neutral,returned,263
2025-02-23,25-34,lonely,-0.145,empathetic,returned,525
2025-02-23,25-34,hopeful,0.433,neutral,dropped,86
2025-02-23,18-24,stressed,-0.217,empathetic,returned,175
2025-02-23,45-54,lonely,-0.446,neutral,returned,311
2025-02-24,25-34,overwhelmed,-0.136,empathetic,returned,512
2025-02-25,45-54,calm,0.239,corrective,returned,157
2025-02-25,18-24,stressed,-0.107,supportive,returned,343
2025-02-26,55-64,lonely,-0.57,corrective,dropped,287
2025-02-26,65+,lonely,-0.375,supportive,returned,310
2025-02-26,35-44,anxious,-0.21,corrective,dropped,404
2025-02-26,25-34,lonely,-0.109,empathetic,dropped,214
2025-02-27,55-64,lonely,-0.202,corrective,returned,320
2025-02-27,25-34,sad,-0.69,neutral,escalated_to_human,312
2025-02-27,25-34,stressed,-0.149,supportive,returned,467
2025-02-28,45-54,lonely,-0.04,neutral,returned,336
2025-02-28,45-54,hopeful,0.55,neutral,returned,386
2025-02-28,25-34,sad,-0.024,empathetic,returned,368
2025-02-28,55-64,lonely,-0.199,empathetic,returned,550
2025-02-28,18-24,stressed,-0.068,empathetic,returned,369
2025-03-01,45-54,stressed,-0.426,supportive,returned,360
2025-03-01,45-54,hopeful,0.454,supportive,returned,225
2025-03-01,35-44,anxious,-0.388,empathetic,escalated_to_human,405
2025-03-01,35-44,stressed,-0.429,corrective,returned,219
2025-03-02,18-24,anxious,-0.641,neutral,returned,156
2025-03-02,35-44,anxious,0.041,supportive,dropped,284
2025-03-03,35-44,anxious,-0.467,supportive,returned,355
2025-03-04,25-34,anxious,-0.737,neutral,returned,258
2025-03-04,18-24,sad,-0.503,supportive,dropped,320
2025-03-04,18-24,overwhelmed,-0.26,empathetic,returned,415
2025-03-05,25-34,anxious,-0.241,supportive,returned,442
2025-03-05,18-24,lonely,-0.559,corrective,returned,477
2025-03-06,55-64,sad,-0.256,empathetic,escalated_to_human,327
2025-03-07,18-24,calm,0.353,supportive,returned,148
2025-03-07,55-64,sad,-0.494,supportive,escalated_to_human,241
2025-03-08,25-34,lonely,-0.187,supportive,returned,516
2025-03-08,35-44,hopeful,0.351,supportive,returned,246
2025-03-08,45-54,calm,0.55,neutral,returned,183
2025-03-08,25-34,sad,-0.46,neutral,returned,219
2025-03-08,45-54,stressed,-0.131,corrective,returned,397
2025-03-09,18-24,hopeful,0.405,empathetic,returned,290
2025-03-09,25-34,stressed,-0.16,corrective,returned,439
2025-03-09,18-24,anxious,-0.472,supportive,returned,395
2025-03-10,35-44,anxious,-0.398,supportive,returned,229
2025-03-10,18-24,anxious,-0.409,corrective,returned,490
2025-03-11,25-34,anxious,0.013,supportive,returned,362
2025-03-12,25-34,anxious,-0.551,corrective,returned,402
2025-03-13,25-34,sad,-0.233,neutral,returned,393
2025-03-14,18-24,lonely,-0.255,empathetic,returned,584
2025-03-14,35-44,calm,0.179,corrective,escalated_to_human,154
2025-03-15,25-34,stressed,-0.545,empathetic,dropped,640
2025-03-17,35-44,calm,0.725,empathetic,returned,236
2025-03-17,35-44,calm,0.558,corrective,dropped,238
2025-03-17,18-24,anxious,-0.462,supportive,dropped,655
2025-03-18,45-54,overwhelmed,-0.078,empathetic,returned,515
2025-03-18,45-54,lonely,-0.576,corrective,dropped,333
2025-03-19,25-34,hopeful,0.125,empathetic,dropped,197
2025-03-20,25-34,sad,-0.348,empathetic,dropped,351
2025-03-20,45-54,stressed,-0.425,corrective,dropped,273
2025-03-20,45-54,hopeful,0.202,neutral,returned,346
2025-03-22,35-44,lonely,-0.366,empathetic,returned,516
2025-03-22,45-54,lonely,-0.115,neutral,escalated_to_human,328
2025-03-22,35-44,sad,-0.435,empathetic,returned,284
2025-03-23,65+,sad,-0.136,neutral,dropped,108
2025-03-23,25-34,anxious,-0.158,supportive,returned,356
2025-03-24,25-34,stressed,-0.265,empathetic,escalated_to_human,247
2025-03-24,35-44,sad,-0.498,empathetic,returned,175
2025-03-25,18-24,sad,-0.367,supportive,returned,197
2025-03-25,25-34,stressed,-0.322,neutral,dropped,164
2025-03-25,35-44,sad,-0.481,corrective,escalated_to_human,307
2025-03-25,45-54,sad,-0.948,neutral,dropped,151
2025-03-26,25-34,anxious,-0.293,supportive,escalated_to_human,542
2025-03-26,35-44,calm,0.843,supportive,returned,276
2025-03-26,25-34,calm,0.246,supportive,escalated_to_human,224
2025-03-27,25-34,sad,-0.553,supportive,returned,411
2025-03-27,13-17,anxious,-0.114,supportive,escalated_to_human,821
2025-03-27,65+,calm,0.153,supportive,returned,254
2025-03-27,35-44,anxious,-0.271,supportive,returned,585
2025-03-28,25-34,calm,0.34,supportive,returned,331
2025-03-29,45-54,sad,-0.385,corrective,escalated_to_human,312
2025-03-29,25-34,lonely,0.103,empathetic,returned,893
2025-03-29,25-34,overwhelmed,-0.503,empathetic,returned,539
2025-03-30,18-24,anxious,-0.664,neutral,returned,365
2025-03-30,18-24,calm,0.346,supportive,escalated_to_human,144
2025-03-30,55-64,calm,0.377,supportive,returned,154
2025-03-30,35-44,overwhelmed,-0.212,empathetic,dropped,452
2025-03-31,35-44,anxious,-0.442,neutral,returned,159
2025-03-31,35-44,lonely,-0.129,neutral,returned,165
2025-03-31,55-64,sad,-0.548,supportive,dropped,247
2025-04-01,25-34,lonely,-0.287,supportive,dropped,326
2025-04-01,25-34,anxious,-0.06,empathetic,returned,686
2025-04-01,55-64,anxious,-0.152,supportive,returned,466
2025-04-01,25-34,anxious,-0.765,corrective,dropped,212
2025-04-03,55-64,anxious,-0.091,empathetic,returned,284
2025-04-03,65+,anxious,-0.196,neutral,returned,205
2025-04-03,18-24,anxious,-0.436,neutral,dropped,279
2025-04-04,45-54,hopeful,0.282,neutral,dropped,221
2025-04-04,35-44,stressed,-0.236,supportive,returned,306
2025-04-04,65+,anxious,-0.43,neutral,returned,205
2025-04-04,35-44,stressed,-0.558,neutral,escalated_to_human,888
2025-04-04,35-44,sad,-0.635,empathetic,dropped,435
2025-04-04,35-44,anxious,-0.128,neutral,escalated_to_human,233
2025-04-05,55-64,anxious,-0.201,empathetic,returned,656
2025-04-06,35-44,lonely,0.011,supportive,returned,438
2025-04-07,55-64,anxious,-0.177,supportive,returned,156
2025-04-07,55-64,sad,-0.463,neutral,returned,198
2025-04-07,55-64,anxious,-0.056,empathetic,returned,786
2025-04-07,25-34,lonely,-0.604,supportive,dropped,501
2025-04-07,18-24,hopeful,0.367,empathetic,escalated_to_human,414
2025-04-07,35-44,stressed,-0.49,corrective,returned,545
2025-04-07,35-44,lonely,0.032,supportive,dropped,403
2025-04-07,45-54,hopeful,0.31,neutral,returned,455
2025-04-07,18-24,sad,-0.096,supportive,returned,315
2025-04-08,35-44,overwhelmed,-0.421,empathetic,dropped,366
2025-04-08,55-64,anxious,-0.032,supportive,dropped,265
2025-04-08,18-24,anxious,-0.104,empathetic,dropped,545
2025-04-08,55-64,stressed,-0.684,supportive,escalated_to_human,299
2025-04-08,18-24,anxious,-0.214,neutral,returned,359
2025-04-09,35-44,stressed,-0.205,supportive,escalated_to_human,319
2025-04-09,25-34,hopeful,0.47,empathetic,returned,530
2025-04-09,55-64,stressed,-0.307,supportive,returned,405
2025-04-10,45-54,sad,-0.095,empathetic,escalated_to_human,388
2025-04-10,45-54,lonely,-0.429,empathetic,dropped,179
2025-04-10,35-44,overwhelmed,-0.292,corrective,dropped,301
2025-04-10,45-54,calm,0.539,supportive,returned,227
2025-04-11,18-24,sad,-0.183,empathetic,returned,423
2025-04-11,18-24,sad,-0.586,corrective,escalated_to_human,341
2025-04-11,65+,anxious,-0.364,supportive,dropped,394
2025-04-13,25-34,lonely,-0.46,supportive,returned,633
2025-04-13,55-64,lonely,0.402,supportive,dropped,480
2025-04-13,35-44,overwhelmed,-0.739,supportive,dropped,349
2025-04-14,35-44,stressed,-0.373,supportive,returned,209
2025-04-14,65+,anxious,-0.436,supportive,escalated_to_human,290
2025-04-15,25-34,anxious,-0.301,empathetic,returned,357
2025-04-15,18-24,hopeful,0.374,neutral,returned,166
2025-04-15,18-24,hopeful,0.028,supportive,returned,219
2025-04-16,55-64,anxious,-0.011,empathetic,returned,532
2025-04-16,18-24,sad,-0.642,corrective,dropped,366
2025-04-16,25-34,stressed,-0.637,supportive,escalated_to_human,208
2025-04-17,25-34,sad,-0.335,supportive,dropped,280
2025-04-17,35-44,anxious,0.027,empathetic,returned,346
2025-04-17,18-24,anxious,-0.07,empathetic,dropped,279
2025-04-18,35-44,anxious,-0.448,supportive,escalated_to_human,435
2025-04-18,55-64,stressed,-0.2,supportive,returned,442
2025-04-18,45-54,anxious,-0.412,supportive,dropped,339
2025-04-18,18-24,lonely,-0.329,corrective,escalated_to_human,340
2025-04-18,25-34,stressed,-0.031,empathetic,escalated_to_human,295
2025-04-19,25-34,sad,-0.49,corrective,dropped,203
2025-04-19,18-24,stressed,-0.091,empathetic,returned,461
2025-04-19,25-34,anxious,-0.189,supportive,returned,634
2025-04-19,55-64,anxious,-0.363,neutral,returned,420
2025-04-20,45-54,lonely,0.169,empathetic,dropped,321
2025-04-20,25-34,stressed,-0.069,supportive,returned,622
2025-04-20,18-24,anxious,-0.213,neutral,escalated_to_human,613
2025-04-20,55-64,sad,-0.577,supportive,returned,407
2025-04-20,18-24,anxious,-0.43,neutral,returned,306
2025-04-20,25-34,stressed,-0.187,empathetic,returned,397
2025-04-20,18-24,anxious,-0.56,empathetic,returned,293
2025-04-22,35-44,sad,-0.504,supportive,returned,295
2025-04-22,18-24,sad,-0.424,neutral,dropped,211
2025-04-22,35-44,sad,-0.189,empathetic,returned,399
2025-04-23,25-34,stressed,-0.184,empathetic,returned,272
2025-04-23,18-24,hopeful,0.158,supportive,dropped,149
2025-04-23,25-34,stressed,-0.469,neutral,returned,371
2025-04-24,25-34,overwhelmed,-0.097,supportive,returned,342
2025-04-24,18-24,lonely,-0.224,neutral,dropped,266
2025-04-24,65+,anxious,-0.109,supportive,returned,267
2025-04-25,55-64,calm,0.331,corrective,dropped,436
2025-04-25,25-34,stressed,-0.115,supportive,returned,277
2025-04-26,13-17,sad,-0.469,supportive,returned,471
2025-04-26,45-54,anxious,-0.275,empathetic,returned,567
2025-04-26,45-54,anxious,-0.371,empathetic,dropped,362
2025-04-27,45-54,stressed,-0.063,supportive,escalated_to_human,454
2025-04-28,25-34,stressed,-0.343,supportive,returned,281
2025-04-29,35-44,anxious,-0.047,empathetic,dropped,304
2025-04-29,13-17,stressed,-0.231,supportive,returned,166
2025-04-29,35-44,anxious,-0.288,supportive,returned,279
2025-04-29,35-44,sad,-0.102,supportive,dropped,499
2025-04-30,18-24,anxious,-0.411,neutral,dropped,224
2025-05-01,18-24,stressed,-0.12,empathetic,returned,427
2025-05-01,45-54,stressed,0.06,empathetic,returned,355
2025-05-02,18-24,anxious,-0.296,supportive,returned,218
2025-05-02,13-17,anxious,-0.381,supportive,returned,246
2025-05-02,25-34,sad,-0.544,corrective,returned,439
2025-05-03,55-64,anxious,-0.327,supportive,dropped,416
2025-05-04,55-64,calm,0.144,corrective,dropped,251
2025-05-04,35-44,sad,-0.642,corrective,dropped,271
2025-05-04,35-44,anxious,0.008,empathetic,dropped,169
2025-05-05,25-34,anxious,0.002,supportive,returned,280
2025-05-05,25-34,stressed,0.154,supportive,returned,686
2025-05-06,25-34,sad,-0.239,corrective,dropped,366
2025-05-06,18-24,sad,-0.245,corrective,returned,280
2025-05-06,18-24,anxious,-0.359,empathetic,returned,234
2025-05-07,55-64,sad,-0.927,supportive,dropped,446
2025-05-08,18-24,stressed,-0.512,supportive,dropped,508
2025-05-08,25-34,anxious,-0.547,supportive,dropped,388
2025-05-08,18-24,anxious,-0.479,supportive,dropped,423
2025-05-08,25-34,hopeful,0.332,empathetic,returned,214
2025-05-08,55-64,stressed,-0.276,neutral,escalated_to_human,314
2025-05-09,65+,calm,0.324,corrective,returned,203
2025-05-09,45-54,stressed,-0.376,supportive,escalated_to_human,243
2025-05-10,25-34,anxious,-0.47,supportive,returned,272
2025-05-10,25-34,stressed,-0.495,supportive,dropped,491
2025-05-10,25-34,sad,-0.694,neutral,returned,356
2025-05-10,18-24,anxious,-0.117,empathetic,dropped,496
2025-05-11,45-54,sad,-0.59,empathetic,escalated_to_human,372
2025-05-11,25-34,sad,-0.322,neutral,dropped,470
2025-05-11,45-54,anxious,-0.157,empathetic,dropped,294
2025-05-11,45-54,sad,-0.542,neutral,returned,354
2025-05-11,25-34,sad,-0.496,supportive,dropped,153
2025-05-13,25-34,stressed,-0.718,empathetic,escalated_to_human,441
2025-05-14,25-34,lonely,-0.586,supportive,dropped,372
2025-05-14,25-34,overwhelmed,-0.11,supportive,returned,580
2025-05-14,45-54,stressed,-0.449,corrective,dropped,310
2025-05-15,18-24,calm,0.55,empathetic,returned,246
2025-05-15,13-17,stressed,0.09,supportive,returned,404
2025-05-15,35-44,sad,-0.403,supportive,dropped,369
2025-05-15,25-34,stressed,0.374,empathetic,returned,282
2025-05-16,18-24,overwhelmed,-0.473,neutral,dropped,502
2025-05-16,65+,overwhelmed,-0.573,corrective,returned,283
2025-05-17,55-64,calm,0.488,supportive,returned,138
2025-05-17,18-24,sad,-0.211,supportive,escalated_to_human,337
2025-05-18,65+,sad,-0.4,supportive,returned,111
2025-05-19,25-34,stressed,-0.375,corrective,returned,278
2025-05-19,18-24,stressed,-0.143,empathetic,escalated_to_human,527
2025-05-19,18-24,lonely,-0.036,neutral,escalated_to_human,229
2025-05-19,25-34,anxious,-0.325,empathetic,returned,312
2025-05-19,25-34,overwhelmed,-0.669,supportive,escalated_to_human,349
2025-05-20,35-44,stressed,0.008,empathetic,dropped,405
2025-05-20,45-54,anxious,-0.457,neutral,returned,348
2025-05-20,55-64,lonely,-0.328,corrective,dropped,546
2025-05-20,35-44,sad,0.148,supportive,dropped,349
2025-05-20,45-54,calm,-0.09,neutral,returned,195
2025-05-20,25-34,overwhelmed,-0.215,supportive,returned,521
2025-05-20,13-17,sad,-0.168,supportive,dropped,443
2025-05-21,18-24,sad,-0.482,corrective,escalated_to_human,591
2025-05-21,18-24,anxious,0.224,supportive,escalated_to_human,731
2025-05-22,35-44,sad,-0.691,neutral,escalated_to_human,178
2025-05-22,45-54,anxious,-0.321,corrective,returned,547
2025-05-22,35-44,overwhelmed,-0.591,neutral,escalated_to_human,224
2025-05-23,25-34,stressed,-0.532,neutral,dropped,308
2025-05-23,18-24,overwhelmed,0.098,empathetic,dropped,466
2025-05-23,45-54,stressed,-0.518,corrective,escalated_to_human,294
2025-05-23,65+,stressed,-0.349,supportive,returned,377
2025-05-24,35-44,sad,-0.164,empathetic,returned,390
2025-05-24,25-34,sad,-0.528,supportive,dropped,307
2025-05-24,25-34,overwhelmed,-0.231,supportive,dropped,419
2025-05-24,18-24,calm,0.542,neutral,dropped,206
2025-05-25,45-54,anxious,0.097,supportive,returned,430
2025-05-25,35-44,stressed,0.036,empathetic,returned,363
2025-05-25,45-54,stressed,-0.576,corrective,dropped,216
2025-05-25,18-24,anxious,-0.502,empathetic,dropped,251
2025-05-25,18-24,stressed,-0.301,corrective,returned,228
2025-05-25,45-54,calm,0.353,corrective,returned,225
2025-05-26,35-44,overwhelmed,-0.214,corrective,dropped,473
2025-05-26,65+,sad,-0.962,empathetic,dropped,323
2025-05-26,55-64,stressed,-0.17,supportive,returned,241
2025-05-26,25-34,anxious,-0.219,supportive,dropped,363
2025-05-27,18-24,stressed,-0.216,supportive,escalated_to_human,304
2025-05-27,45-54,anxious,-0.457,empathetic,escalated_to_human,426
2025-05-27,25-34,calm,0.512,neutral,escalated_to_human,146
2025-05-28,18-24,sad,-0.833,neutral,dropped,154
2025-05-28,13-17,overwhelmed,-0.359,supportive,returned,241
2025-05-29,45-54,stressed,-0.103,empathetic,returned,339
2025-05-29,13-17,anxious,-0.39,neutral,returned,229
2025-05-30,35-44,sad,-0.34,supportive,returned,358
2025-05-30,25-34,stressed,-0.416,corrective,dropped,181
2025-05-30,18-24,anxious,-0.158,supportive,returned,368
2025-05-30,13-17,anxious,-0.023,empathetic,escalated_to_human,547
2025-05-31,25-34,stressed,-0.205,empathetic,dropped,239
2025-05-31,45-54,sad,-0.107,supportive,returned,568
2025-05-31,25-34,anxious,0.165,empathetic,dropped,244
2025-05-31,25-34,stressed,-0.605,neutral,returned,339
2025-06-01,25-34,calm,0.398,supportive,returned,169
2025-06-02,55-64,anxious,-0.263,supportive,dropped,319
2025-06-03,18-24,hopeful,0.461,empathetic,dropped,380
2025-06-03,35-44,sad,-0.329,supportive,escalated_to_human,280
2025-06-03,35-44,anxious,-0.49,neutral,dropped,277
2025-06-03,55-64,sad,-0.199,empathetic,escalated_to_human,417
2025-06-03,45-54,calm,0.474,neutral,returned,207
2025-06-04,13-17,anxious,-0.515,empathetic,returned,375
2025-06-05,25-34,stressed,-0.282,empathetic,escalated_to_human,661
2025-06-05,35-44,overwhelmed,-0.498,neutral,returned,480
2025-06-05,25-34,anxious,-0.543,corrective,escalated_to_human,332
2025-06-05,65+,sad,-0.026,supportive,returned,360
2025-06-05,35-44,overwhelmed,-0.037,empathetic,returned,336
2025-06-05,45-54,overwhelmed,-0.477,corrective,dropped,235
2025-06-06,25-34,anxious,-0.426,supportive,dropped,260
2025-06-06,35-44,anxious,-0.456,empathetic,dropped,341
2025-06-06,45-54,stressed,-0.092,corrective,dropped,271
2025-06-06,25-34,sad,-0.27,supportive,dropped,353
2025-06-08,45-54,overwhelmed,-0.272,supportive,returned,568
2025-06-09,13-17,overwhelmed,-0.903,corrective,dropped,445
2025-06-09,25-34,anxious,-0.61,neutral,returned,216
2025-06-10,13-17,sad,-0.142,empathetic,returned,390
2025-06-10,25-34,stressed,-0.143,neutral,returned,293
2025-06-11,35-44,lonely,-0.146,supportive,dropped,466
2025-06-12,55-64,anxious,-0.381,supportive,returned,390
2025-06-12,18-24,lonely,0.027,empathetic,returned,596
2025-06-12,25-34,overwhelmed,0.096,empathetic,dropped,766
2025-06-13,25-34,anxious,-0.465,neutral,returned,188
2025-06-13,35-44,sad,-0.483,supportive,dropped,368
2025-06-14,35-44,stressed,-0.382,empathetic,escalated_to_human,396
2025-06-14,35-44,sad,-0.155,corrective,returned,246
2025-06-14,25-34,sad,-0.344,supportive,escalated_to_human,379
2025-06-15,65+,sad,-0.537,neutral,dropped,274
2025-06-15,18-24,hopeful,0.153,empathetic,escalated_to_human,550
2025-06-15,45-54,lonely,-0.12,supportive,returned,306
2025-06-15,18-24,calm,0.434,supportive,returned,307
2025-06-16,25-34,stressed,-0.293,neutral,dropped,370
2025-06-16,45-54,calm,0.726,corrective,returned,242
2025-06-17,18-24,overwhelmed,-0.683,corrective,returned,375
2025-06-19,35-44,lonely,-0.63,neutral,escalated_to_human,193
2025-06-19,25-34,sad,-0.11,empathetic,returned,363
2025-06-19,35-44,stressed,-0.222,supportive,returned,492
2025-06-20,18-24,sad,-0.79,supportive,dropped,281
2025-06-20,25-34,stressed,-0.04,supportive,returned,354
2025-06-21,25-34,lonely,0.011,supportive,returned,401
2025-06-21,45-54,stressed,-0.786,corrective,dropped,364
2025-06-21,35-44,lonely,-0.174,empathetic,returned,837
2025-06-22,55-64,anxious,-0.201,empathetic,returned,313
2025-06-22,35-44,sad,-0.059,neutral,returned,266
2025-06-22,45-54,stressed,-0.332,supportive,returned,453
2025-06-23,18-24,lonely,-0.662,empathetic,returned,720
2025-06-23,18-24,sad,-0.377,corrective,returned,223
2025-06-23,35-44,lonely,-0.172,supportive,returned,511
2025-06-23,55-64,lonely,-0.706,corrective,escalated_to_human,313
2025-06-23,55-64,anxious,-0.169,supportive,returned,293
2025-06-24,35-44,anxious,-0.267,supportive,returned,367
2025-06-24,35-44,overwhelmed,-0.416,corrective,returned,391
2025-06-25,18-24,stressed,-0.175,empathetic,returned,696
2025-06-25,25-34,overwhelmed,-0.771,supportive,returned,439
2025-06-25,35-44,calm,0.299,supportive,returned,377
2025-06-25,55-64,stressed,-0.514,supportive,dropped,414
2025-06-26,55-64,stressed,-0.454,supportive,escalated_to_human,351
2025-06-26,18-24,sad,-0.115,supportive,escalated_to_human,284
2025-06-26,35-44,lonely,-0.344,neutral,returned,417
2025-06-27,45-54,sad,-0.176,neutral,returned,253
2025-06-27,25-34,overwhelmed,-0.51,neutral,escalated_to_human,365
2025-06-27,65+,anxious,-0.187,supportive,returned,497
2025-06-27,25-34,stressed,0.02,supportive,dropped,221
2025-06-28,35-44,overwhelmed,-0.801,neutral,returned,408
2025-06-30,35-44,stressed,-0.376,supportive,returned,366
2025-06-30,25-34,overwhelmed,-0.159,supportive,dropped,249
2025-06-30,25-34,hopeful,0.346,empathetic,returned,276
2025-06-30,25-34,stressed,0.018,supportive,dropped,295
2025-06-30,25-34,stressed,-0.385,supportive,returned,329
2025-06-30,55-64,overwhelmed,-0.732,supportive,returned,237
2025-07-01,65+,overwhelmed,-0.472,empathetic,returned,826
2025-07-01,55-64,hopeful,0.06,neutral,returned,135
2025-07-02,35-44,stressed,-0.516,supportive,dropped,193
2025-07-02,25-34,stressed,-0.117,neutral,escalated_to_human,224
2025-07-02,55-64,overwhelmed,-0.009,empathetic,returned,483
2025-07-02,18-24,lonely,-0.478,corrective,escalated_to_human,236
2025-07-02,25-34,anxious,-0.226,empathetic,dropped,440
2025-07-02,55-64,anxious,-0.127,empathetic,dropped,406
2025-07-03,45-54,overwhelmed,-0.287,supportive,dropped,272
2025-07-03,35-44,calm,0.297,supportive,escalated_to_human,159
2025-07-04,45-54,anxious,-0.485,empathetic,returned,406
2025-07-04,18-24,calm,0.277,neutral,returned,140
2025-07-04,45-54,overwhelmed,-0.204,empathetic,returned,494
2025-07-04,18-24,overwhelmed,-0.315,empathetic,returned,360
2025-07-04,45-54,lonely,0.025,empathetic,returned,291
2025-07-05,25-34,sad,-0.422,corrective,dropped,247
2025-07-05,18-24,sad,-0.439,supportive,escalated_to_human,356
2025-07-05,25-34,anxious,-0.124,supportive,returned,194
2025-07-05,45-54,stressed,-0.265,empathetic,returned,417
2025-07-06,45-54,anxious,-0.521,supportive,dropped,366
2025-07-06,65+,hopeful,0.173,supportive,returned,271
2025-07-06,65+,calm,0.568,empathetic,escalated_to_human,193
2025-07-06,55-64,sad,-0.217,supportive,escalated_to_human,314
2025-07-06,55-64,anxious,-0.794,supportive,dropped,381
2025-07-07,55-64,calm,0.365,supportive,escalated_to_human,227
2025-07-07,18-24,calm,0.32,supportive,returned,136
2025-07-07,25-34,anxious,-0.058,empathetic,returned,644
2025-07-08,18-24,anxious,-0.268,neutral,escalated_to_human,204
2025-07-09,25-34,lonely,-0.459,empathetic,returned,451
2025-07-09,55-64,sad,-0.454,neutral,returned,336
2025-07-09,18-24,lonely,-0.462,supportive,returned,345
2025-07-09,35-44,stressed,-0.597,corrective,dropped,389
2025-07-10,13-17,stressed,-0.411,empathetic,returned,282
2025-07-10,25-34,stressed,-0.236,corrective,dropped,296
2025-07-11,65+,stressed,-0.095,supportive,dropped,547
2025-07-12,35-44,lonely,-0.145,neutral,returned,402
2025-07-12,45-54,sad,-0.428,supportive,dropped,287
2025-07-12,25-34,stressed,-0.167,empathetic,returned,281
2025-07-12,13-17,overwhelmed,-0.69,supportive,returned,519
2025-07-12,18-24,lonely,-0.011,empathetic,returned,387
2025-07-13,18-24,anxious,0.01,supportive,escalated_to_human,516
2025-07-14,25-34,lonely,-0.126,supportive,dropped,162
2025-07-15,18-24,calm,0.515,corrective,dropped,143
2025-07-16,25-34,lonely,-0.051,supportive,escalated_to_human,707
2025-07-17,25-34,calm,0.672,neutral,escalated_to_human,256
2025-07-18,55-64,overwhelmed,-0.062,supportive,returned,347
2025-07-19,35-44,anxious,-0.607,corrective,dropped,464
2025-07-19,25-34,sad,-0.235,empathetic,returned,525
2025-07-19,25-34,anxious,0.012,empathetic,escalated_to_human,561
2025-07-20,25-34,stressed,-0.567,neutral,dropped,580
2025-07-21,65+,anxious,-0.163,neutral,dropped,207
2025-07-21,45-54,sad,-0.7,neutral,dropped,210
2025-07-21,35-44,anxious,-0.435,neutral,returned,279
2025-07-22,35-44,anxious,-0.706,corrective,dropped,396
2025-07-23,25-34,calm,0.846,corrective,returned,260
2025-07-23,55-64,sad,-0.454,empathetic,dropped,599
2025-07-23,25-34,sad,-0.295,empathetic,dropped,358
2025-07-24,45-54,anxious,-0.358,empathetic,returned,665
2025-07-24,35-44,anxious,0.032,empathetic,escalated_to_human,352
2025-07-24,65+,anxious,-0.201,empathetic,escalated_to_human,444
2025-07-24,25-34,anxious,-0.151,empathetic,returned,216
2025-07-25,25-34,stressed,-0.505,corrective,returned,260
2025-07-25,65+,lonely,-0.399,empathetic,returned,279
2025-07-25,25-34,sad,-0.488,empathetic,dropped,689
2025-07-25,55-64,anxious,-0.66,supportive,escalated_to_human,201
2025-07-25,25-34,sad,-0.723,supportive,returned,368
2025-07-26,18-24,stressed,-0.068,supportive,dropped,446
2025-07-27,45-54,stressed,-0.128,neutral,returned,378
2025-07-27,18-24,calm,0.264,supportive,returned,285
2025-07-28,45-54,anxious,-0.02,supportive,escalated_to_human,370
2025-07-28,45-54,overwhelmed,-0.368,neutral,returned,294
2025-07-28,13-17,anxious,-0.137,supportive,returned,295
2025-07-30,45-54,lonely,-0.065,supportive,dropped,327
2025-07-30,35-44,sad,-0.321,supportive,dropped,468
2025-07-30,18-24,hopeful,-0.02,neutral,dropped,253
2025-07-30,25-34,stressed,-0.306,empathetic,escalated_to_human,476
2025-07-30,55-64,sad,-0.472,supportive,escalated_to_human,469
2025-07-31,18-24,stressed,-0.21,supportive,returned,226
2025-07-31,25-34,stressed,0.147,supportive,dropped,232
2025-07-31,25-34,calm,0.459,supportive,escalated_to_human,203
2025-08-01,35-44,stressed,-0.172,empathetic,dropped,499
2025-08-01,25-34,sad,-0.27,neutral,returned,307
2025-08-01,35-44,sad,-0.227,supportive,returned,204
2025-08-01,55-64,hopeful,0.454,supportive,returned,211
2025-08-01,25-34,stressed,0.306,empathetic,returned,361
2025-08-01,18-24,stressed,-0.144,supportive,dropped,429
2025-08-02,18-24,anxious,-0.462,neutral,dropped,337
2025-08-02,25-34,overwhelmed,-0.481,corrective,dropped,344
2025-08-02,18-24,overwhelmed,-0.573,empathetic,returned,823
2025-08-04,18-24,lonely,0.051,neutral,dropped,332
2025-08-04,18-24,hopeful,0.519,empathetic,returned,286
2025-08-04,25-34,overwhelmed,-0.596,neutral,returned,226
2025-08-04,65+,stressed,-0.28,supportive,dropped,431
2025-08-05,35-44,sad,-0.743,supportive,returned,367
2025-08-06,25-34,stressed,-0.283,supportive,escalated_to_human,462
2025-08-06,25-34,sad,-0.481,neutral,dropped,110
2025-08-07,25-34,lonely,-0.327,empathetic,dropped,344
2025-08-07,45-54,lonely,-0.083,supportive,returned,356
2025-08-07,18-24,overwhelmed,-0.604,neutral,dropped,217
2025-08-07,25-34,overwhelmed,-0.691,neutral,dropped,370
2025-08-08,25-34,sad,-0.098,empathetic,returned,387
2025-08-08,45-54,sad,-0.214,empathetic,dropped,220
2025-08-08,55-64,sad,-0.262,corrective,returned,338
2025-08-09,65+,calm,0.6,supportive,returned,263
2025-08-09,25-34,lonely,0.01,supportive,returned,424
2025-08-09,25-34,anxious,-0.603,supportive,returned,293
2025-08-09,65+,anxious,-0.184,empathetic,dropped,444
2025-08-10,65+,anxious,0.137,empathetic,returned,1113
2025-08-10,35-44,sad,-0.188,empathetic,returned,351
2025-08-10,45-54,anxious,-0.756,empathetic,returned,363
2025-08-10,25-34,anxious,-0.009,supportive,returned,352
2025-08-11,25-34,sad,-0.467,supportive,dropped,342
2025-08-11,18-24,anxious,-0.401,supportive,dropped,288
2025-08-11,25-34,lonely,0.004,empathetic,escalated_to_human,303
2025-08-12,13-17,calm,0.281,empathetic,returned,199
2025-08-12,45-54,hopeful,0.329,empathetic,dropped,182
2025-08-12,55-64,calm,0.292,empathetic,escalated_to_human,249
2025-08-12,18-24,anxious,-0.152,supportive,returned,362
2025-08-12,35-44,calm,0.436,neutral,returned,134
2025-08-12,45-54,anxious,-0.2,neutral,dropped,133
2025-08-13,25-34,overwhelmed,-0.674,empathetic,dropped,610
2025-08-13,25-34,stressed,-0.206,supportive,returned,275
2025-08-13,65+,anxious,-0.431,neutral,escalated_to_human,185
2025-08-14,35-44,anxious,-0.503,empathetic,returned,292
2025-08-14,18-24,stressed,-0.005,corrective,returned,430
2025-08-14,25-34,anxious,-0.042,empathetic,returned,309
2025-08-14,25-34,overwhelmed,-0.516,corrective,returned,455
2025-08-14,35-44,lonely,-0.147,empathetic,escalated_to_human,213
2025-08-16,25-34,calm,0.438,supportive,returned,175
2025-08-17,45-54,calm,0.342,corrective,returned,207
2025-08-17,18-24,sad,-0.482,empathetic,escalated_to_human,395
2025-08-18,35-44,hopeful,0.315,supportive,returned,141
2025-08-19,45-54,stressed,-0.348,corrective,dropped,157
2025-08-19,25-34,sad,-0.765,corrective,dropped,296
2025-08-19,18-24,stressed,-0.473,neutral,returned,149
2025-08-19,25-34,anxious,0.09,supportive,returned,420
2025-08-20,35-44,hopeful,0.494,supportive,escalated_to_human,209
2025-08-20,55-64,calm,0.76,empathetic,returned,116
2025-08-20,25-34,sad,-0.239,supportive,escalated_to_human,676
2025-08-21,35-44,sad,-0.34,corrective,escalated_to_human,384
2025-08-22,35-44,anxious,-0.38,supportive,returned,288
2025-08-23,65+,overwhelmed,-0.443,corrective,dropped,248
2025-08-23,13-17,anxious,-0.143,empathetic,returned,501
2025-08-23,35-44,anxious,-0.125,empathetic,escalated_to_human,350
2025-08-23,25-34,lonely,-0.283,empathetic,dropped,334
2025-08-23,55-64,anxious,-0.219,corrective,escalated_to_human,284
2025-08-24,35-44,anxious,0.014,empathetic,dropped,628
2025-08-24,55-64,anxious,-0.323,empathetic,returned,230
2025-08-24,18-24,lonely,-0.499,supportive,returned,490
2025-08-26,25-34,sad,-0.518,empathetic,returned,283
2025-08-26,35-44,anxious,-0.395,empathetic,returned,614
2025-08-26,35-44,sad,-0.452,empathetic,returned,647
2025-08-26,55-64,overwhelmed,-0.362,supportive,escalated_to_human,158
2025-08-26,25-34,overwhelmed,-0.248,empathetic,escalated_to_human,251
2025-08-27,13-17,stressed,-0.383,corrective,returned,599
2025-08-27,18-24,stressed,-0.648,corrective,dropped,385
2025-08-27,35-44,stressed,-0.322,empathetic,escalated_to_human,550
2025-08-27,25-34,stressed,0.095,empathetic,returned,364
2025-08-27,25-34,anxious,0.031,empathetic,returned,335
2025-08-28,45-54,stressed,-0.374,empathetic,dropped,422
2025-08-28,35-44,calm,0.276,corrective,returned,167
2025-08-28,35-44,stressed,-0.421,empathetic,returned,560
2025-08-28,35-44,lonely,-0.301,neutral,returned,580
2025-08-28,18-24,anxious,-0.216,empathetic,returned,579
2025-08-29,35-44,hopeful,0.683,empathetic,returned,457
2025-08-29,18-24,sad,-0.123,supportive,dropped,213
2025-08-29,25-34,stressed,-0.189,supportive,dropped,229
2025-08-29,55-64,anxious,-0.233,neutral,returned,280
2025-08-29,25-34,overwhelmed,-0.647,supportive,dropped,424
2025-08-29,25-34,calm,0.609,supportive,escalated_to_human,413
2025-08-29,25-34,stressed,0.017,supportive,returned,237
2025-08-29,35-44,sad,-0.559,supportive,dropped,176
2025-08-29,25-34,stressed,-0.222,neutral,returned,148
2025-08-30,18-24,lonely,0.012,neutral,escalated_to_human,551
2025-08-30,35-44,sad,-0.213,empathetic,returned,283
2025-08-30,45-54,sad,-0.322,neutral,escalated_to_human,365
2025-08-31,35-44,overwhelmed,-0.28,empathetic,dropped,410
2025-08-31,35-44,lonely,0.03,empathetic,returned,506
2025-08-31,25-34,stressed,-0.133,empathetic,returned,253
2025-08-31,45-54,hopeful,0.189,empathetic,escalated_to_human,205
2025-09-01,55-64,hopeful,0.486,corrective,returned,340
2025-09-01,18-24,anxious,-0.104,corrective,escalated_to_human,287
2025-09-01,25-34,stressed,0.24,supportive,returned,162
2025-09-01,25-34,anxious,-0.475,empathetic,returned,605
2025-09-02,35-44,overwhelmed,-0.63,corrective,returned,222
2025-09-02,35-44,anxious,-0.287,corrective,escalated_to_human,183
2025-09-02,25-34,sad,-0.469,supportive,returned,459
2025-09-04,18-24,calm,0.262,empathetic,returned,337
2025-09-04,35-44,calm,0.56,supportive,dropped,397
2025-09-04,35-44,calm,0.543,supportive,returned,322
2025-09-05,45-54,anxious,0.171,supportive,dropped,241
2025-09-05,18-24,sad,-0.417,corrective,dropped,312
2025-09-06,25-34,sad,-0.649,supportive,dropped,207
2025-09-06,25-34,stressed,0.019,empathetic,returned,650
2025-09-06,13-17,anxious,-0.601,empathetic,returned,460
2025-09-06,25-34,sad,-0.307,corrective,dropped,409
2025-09-07,45-54,anxious,-0.217,supportive,returned,615
2025-09-07,35-44,stressed,-0.403,empathetic,escalated_to_human,346
2025-09-09,18-24,stressed,-0.107,supportive,escalated_to_human,574
2025-09-09,35-44,calm,0.611,supportive,returned,249
2025-09-09,35-44,stressed,-0.126,empathetic,dropped,327
2025-09-09,45-54,calm,0.257,empathetic,returned,475
2025-09-10,25-34,lonely,-0.057,empathetic,returned,430
2025-09-10,35-44,stressed,-0.111,supportive,escalated_to_human,392
2025-09-11,35-44,anxious,-0.153,empathetic,escalated_to_human,533
2025-09-11,18-24,sad,-0.171,empathetic,escalated_to_human,401
2025-09-11,25-34,calm,0.338,supportive,returned,224
2025-09-12,55-64,sad,-0.574,supportive,dropped,257
2025-09-12,25-34,stressed,-0.204,supportive,returned,517
2025-09-12,35-44,anxious,0.08,neutral,returned,498
2025-09-12,13-17,anxious,-0.588,corrective,returned,941
2025-09-12,35-44,stressed,-0.351,empathetic,dropped,318
2025-09-13,55-64,anxious,0.282,empathetic,returned,373
2025-09-13,45-54,overwhelmed,-0.18,supportive,returned,348
2025-09-13,25-34,anxious,-0.335,neutral,dropped,278
2025-09-13,45-54,lonely,0.008,empathetic,returned,379
2025-09-14,45-54,overwhelmed,-0.497,neutral,returned,321
2025-09-14,35-44,stressed,-0.234,supportive,dropped,601
2025-09-14,25-34,anxious,-0.347,empathetic,dropped,338
2025-09-15,13-17,calm,0.647,supportive,returned,176
2025-09-15,35-44,lonely,-0.197,neutral,dropped,264
2025-09-16,13-17,lonely,-0.319,supportive,escalated_to_human,446
2025-09-16,18-24,sad,-0.102,supportive,escalated_to_human,415
2025-09-16,18-24,overwhelmed,-0.813,neutral,returned,409
2025-09-17,35-44,sad,-0.568,neutral,returned,202
2025-09-17,25-34,stressed,-0.244,neutral,returned,287
2025-09-17,35-44,anxious,-0.361,supportive,returned,290
2025-09-17,35-44,sad,-0.389,empathetic,returned,419
2025-09-18,35-44,sad,-0.303,supportive,dropped,298
2025-09-18,55-64,sad,-0.554,corrective,escalated_to_human,466
2025-09-18,18-24,lonely,-0.426,neutral,returned,307
2025-09-18,45-54,overwhelmed,-0.594,corrective,dropped,366
2025-09-19,45-54,anxious,-0.097,empathetic,escalated_to_human,444
2025-09-20,18-24,sad,-0.137,empathetic,returned,359
2025-09-20,25-34,hopeful,0.297,neutral,returned,197
2025-09-21,25-34,stressed,-0.438,neutral,returned,372
2025-09-21,18-24,overwhelmed,-0.808,corrective,escalated_to_human,418
2025-09-22,25-34,sad,-0.138,supportive,returned,456
2025-09-22,25-34,overwhelmed,-0.447,empathetic,returned,452
2025-09-22,35-44,anxious,-0.184,supportive,returned,230
2025-09-23,45-54,stressed,-0.389,supportive,dropped,368
2025-09-23,25-34,sad,-0.465,corrective,returned,275
2025-09-23,18-24,lonely,-0.293,corrective,returned,318
2025-09-24,55-64,anxious,-0.179,empathetic,escalated_to_human,404
2025-09-26,35-44,sad,-0.287,supportive,returned,259
2025-09-27,65+,lonely,-0.203,supportive,escalated_to_human,602
2025-09-27,35-44,hopeful,0.36,empathetic,returned,317
2025-09-27,35-44,lonely,-0.153,supportive,returned,331
2025-09-28,35-44,calm,0.512,supportive,returned,113
2025-09-29,25-34,stressed,0.008,supportive,returned,441
2025-09-29,18-24,overwhelmed,-0.198,empathetic,dropped,565
2025-09-30,13-17,anxious,-0.329,neutral,escalated_to_human,472
2025-09-30,35-44,stressed,-0.278,corrective,escalated_to_human,541
2025-09-30,35-44,anxious,-0.348,empathetic,dropped,379
2025-10-01,35-44,calm,0.552,supportive,returned,327
2025-10-01,35-44,stressed,-0.53,empathetic,dropped,338
2025-10-02,25-34,calm,0.425,corrective,returned,266
2025-10-02,35-44,stressed,0.33,empathetic,dropped,436
2025-10-02,45-54,stressed,-0.489,supportive,dropped,248
2025-10-03,65+,sad,-0.363,neutral,returned,181
2025-10-03,65+,overwhelmed,-0.04,corrective,dropped,202
2025-10-04,35-44,calm,0.337,supportive,returned,149
2025-10-04,45-54,hopeful,0.508,corrective,returned,198
2025-10-04,35-44,calm,0.372,empathetic,returned,412
2025-10-04,45-54,overwhelmed,-0.334,empathetic,dropped,434
2025-10-04,45-54,overwhelmed,-0.64,empathetic,escalated_to_human,515
2025-10-06,18-24,calm,0.499,supportive,returned,259
2025-10-06,25-34,stressed,-0.754,empathetic,dropped,320
2025-10-06,18-24,stressed,-0.075,supportive,escalated_to_human,419
2025-10-07,45-54,stressed,0.062,supportive,dropped,416
2025-10-07,35-44,anxious,-0.173,supportive,returned,510
2025-10-08,35-44,calm,0.75,empathetic,returned,150
2025-10-08,25-34,calm,0.606,empathetic,dropped,239
2025-10-08,35-44,anxious,-0.271,supportive,returned,419
2025-10-08,18-24,stressed,-0.035,empathetic,returned,278
2025-10-09,18-24,calm,0.38,supportive,dropped,97
2025-10-09,13-17,sad,-0.41,supportive,dropped,267
2025-10-09,35-44,anxious,-0.754,supportive,returned,246
2025-10-09,18-24,anxious,-0.589,neutral,dropped,336
2025-10-09,35-44,anxious,0.085,empathetic,escalated_to_human,662
2025-10-10,55-64,overwhelmed,-0.203,supportive,dropped,309
2025-10-10,55-64,stressed,-0.073,empathetic,escalated_to_human,498
2025-10-10,65+,stressed,-0.196,supportive,returned,151
2025-10-11,18-24,overwhelmed,-0.242,empathetic,dropped,369
2025-10-11,65+,hopeful,0.503,supportive,dropped,177
2025-10-11,25-34,anxious,-0.29,supportive,returned,247
2025-10-11,55-64,lonely,-0.112,corrective,returned,393
2025-10-11,18-24,anxious,-0.194,empathetic,dropped,348
2025-10-11,25-34,anxious,0.072,empathetic,returned,365
2025-10-12,25-34,overwhelmed,-0.683,neutral,returned,195
2025-10-12,25-34,lonely,-0.298,empathetic,escalated_to_human,245
2025-10-12,45-54,calm,0.198,empathetic,returned,289
2025-10-12,35-44,lonely,-0.015,empathetic,dropped,821
2025-10-13,35-44,lonely,-0.314,neutral,escalated_to_human,245
2025-10-14,35-44,stressed,-0.536,supportive,returned,456
2025-10-14,18-24,calm,0.43,empathetic,escalated_to_human,172
2025-10-15,45-54,stressed,-0.433,neutral,dropped,280
2025-10-16,45-54,overwhelmed,-0.197,corrective,returned,677
2025-10-17,35-44,lonely,-0.348,empathetic,returned,575
2025-10-17,13-17,anxious,-0.339,supportive,returned,551
2025-10-18,25-34,calm,0.264,supportive,returned,307
2025-10-18,35-44,lonely,-0.118,empathetic,escalated_to_human,460
2025-10-19,35-44,stressed,-0.106,neutral,dropped,247
2025-10-19,18-24,overwhelmed,-0.158,empathetic,dropped,281
2025-10-20,35-44,anxious,-0.44,supportive,returned,323
2025-10-21,18-24,stressed,-0.644,neutral,dropped,342
2025-10-21,25-34,anxious,-0.233,empathetic,returned,395
2025-10-22,18-24,stressed,-0.226,neutral,returned,228
2025-10-22,25-34,hopeful,0.465,empathetic,returned,260
2025-10-22,65+,anxious,-0.068,empathetic,returned,373
2025-10-22,18-24,anxious,-0.392,supportive,dropped,226
2025-10-23,25-34,anxious,-0.361,neutral,returned,426
2025-10-23,18-24,overwhelmed,-0.456,empathetic,dropped,227
2025-10-24,25-34,overwhelmed,-0.586,corrective,returned,563
2025-10-26,25-34,sad,-0.656,supportive,escalated_to_human,418
2025-10-26,25-34,sad,-0.402,neutral,returned,167
2025-10-27,35-44,lonely,-0.265,supportive,escalated_to_human,246
2025-10-27,45-54,calm,0.461,supportive,dropped,280
2025-10-27,55-64,lonely,-0.337,neutral,dropped,392
2025-10-27,18-24,calm,0.345,neutral,escalated_to_human,241
2025-10-27,45-54,stressed,-0.218,corrective,dropped,278
2025-10-27,25-34,lonely,-0.249,empathetic,returned,456
2025-10-28,65+,sad,-0.78,supportive,escalated_to_human,298
2025-10-28,25-34,stressed,-0.513,corrective,dropped,426
2025-10-28,18-24,overwhelmed,-0.17,empathetic,returned,528
2025-10-28,45-54,overwhelmed,-0.007,empathetic,returned,384
2025-10-28,35-44,stressed,-0.472,neutral,dropped,356
2025-10-28,65+,hopeful,0.374,supportive,returned,194
2025-10-29,45-54,anxious,-0.23,empathetic,returned,640
2025-10-30,55-64,sad,-0.573,supportive,returned,275
2025-10-30,35-44,lonely,-0.456,empathetic,returned,557
2025-10-31,35-44,anxious,-0.541,corrective,dropped,281
2025-10-31,18-24,overwhelmed,-0.386,neutral,returned,581
2025-10-31,18-24,sad,-0.617,corrective,dropped,417
2025-10-31,45-54,calm,0.079,neutral,returned,126
2025-11-02,18-24,calm,0.459,empathetic,dropped,215
2025-11-02,25-34,anxious,-0.309,neutral,dropped,609
2025-11-02,35-44,anxious,-0.132,empathetic,returned,615
2025-11-03,55-64,lonely,0.038,corrective,dropped,402
2025-11-04,18-24,sad,-0.619,neutral,escalated_to_human,232
2025-11-05,25-34,anxious,-0.538,neutral,escalated_to_human,176
2025-11-05,25-34,overwhelmed,-0.356,neutral,returned,370
2025-11-05,25-34,anxious,-0.327,empathetic,dropped,293
2025-11-05,35-44,anxious,-0.334,supportive,returned,497
2025-11-06,18-24,calm,0.246,supportive,returned,189
2025-11-06,25-34,lonely,-0.271,empathetic,returned,234
2025-11-06,18-24,anxious,-0.039,empathetic,returned,232
2025-11-07,45-54,overwhelmed,-0.18,empathetic,returned,437
2025-11-07,18-24,anxious,-0.72,neutral,returned,232
2025-11-07,18-24,anxious,-0.327,empathetic,escalated_to_human,441
2025-11-08,25-34,stressed,-0.215,supportive,escalated_to_human,344
2025-11-09,25-34,lonely,0.138,empathetic,returned,698
2025-11-09,25-34,anxious,0.002,empathetic,returned,516
2025-11-09,18-24,lonely,-0.349,corrective,returned,317
2025-11-10,25-34,overwhelmed,0.139,empathetic,escalated_to_human,527
2025-11-10,18-24,anxious,-0.125,supportive,returned,286
2025-11-10,18-24,sad,-0.54,neutral,escalated_to_human,206
2025-11-10,25-34,sad,-0.548,neutral,returned,226
2025-11-10,25-34,overwhelmed,-0.224,empathetic,returned,610
2025-11-10,35-44,anxious,-0.14,supportive,returned,312
2025-11-10,55-64,hopeful,0.532,supportive,escalated_to_human,267
2025-11-10,18-24,stressed,-0.276,supportive,dropped,359
2025-11-11,45-54,lonely,-0.708,neutral,dropped,218
2025-11-11,45-54,calm,0.437,empathetic,dropped,245
2025-11-11,35-44,sad,-0.661,neutral,returned,169
2025-11-11,25-34,lonely,-0.467,corrective,returned,403
2025-11-12,25-34,lonely,-0.046,corrective,returned,371
2025-11-12,13-17,anxious,-0.388,empathetic,returned,314
2025-11-13,18-24,stressed,-0.598,corrective,dropped,369
2025-11-13,25-34,stressed,-0.74,neutral,dropped,265
2025-11-14,25-34,anxious,-0.455,neutral,escalated_to_human,535
2025-11-14,45-54,anxious,-0.112,neutral,returned,228
2025-11-15,25-34,calm,0.431,supportive,dropped,189
2025-11-15,18-24,anxious,-0.06,empathetic,returned,198
2025-11-15,45-54,sad,-0.464,supportive,dropped,327
2025-11-15,13-17,hopeful,0.361,supportive,returned,162
2025-11-15,65+,calm,0.533,supportive,escalated_to_human,215
2025-11-16,45-54,sad,-0.525,neutral,dropped,214
2025-11-16,35-44,sad,-0.091,empathetic,returned,410
2025-11-16,25-34,sad,-0.431,empathetic,dropped,461
2025-11-17,45-54,stressed,-0.296,supportive,returned,412
2025-11-17,45-54,anxious,-0.667,supportive,dropped,366
2025-11-17,45-54,stressed,-0.154,empathetic,returned,422
2025-11-18,55-64,overwhelmed,-0.033,empathetic,escalated_to_human,401
2025-11-18,18-24,anxious,-0.319,supportive,dropped,270
2025-11-19,45-54,calm,0.573,empathetic,returned,229
2025-11-19,18-24,stressed,-0.102,supportive,returned,254
2025-11-19,55-64,sad,-0.625,neutral,returned,311
2025-11-19,18-24,sad,-0.33,supportive,returned,253
2025-11-20,25-34,stressed,0.132,empathetic,returned,395
2025-11-20,25-34,calm,0.409,empathetic,returned,135
2025-11-21,25-34,anxious,-0.423,neutral,returned,265
2025-11-21,45-54,anxious,0.043,empathetic,returned,605
2025-11-21,45-54,anxious,-0.285,corrective,dropped,424
2025-11-22,45-54,lonely,-0.332,supportive,returned,449
2025-11-22,65+,calm,0.281,supportive,returned,184
2025-11-23,18-24,anxious,-0.158,supportive,dropped,304
2025-11-23,25-34,overwhelmed,-0.683,corrective,returned,617
2025-11-23,65+,anxious,-0.273,supportive,returned,301
2025-11-24,18-24,lonely,-0.537,neutral,returned,114
2025-11-24,35-44,lonely,-0.433,supportive,returned,157
2025-11-25,45-54,anxious,-0.275,empathetic,returned,1059
2025-11-25,35-44,overwhelmed,-0.023,empathetic,dropped,206
2025-11-26,25-34,anxious,-0.185,empathetic,dropped,485
2025-11-26,25-34,lonely,-0.07,corrective,dropped,407
2025-11-26,18-24,anxious,-0.427,neutral,escalated_to_human,398
2025-11-27,35-44,anxious,-0.294,corrective,returned,413
2025-11-27,25-34,anxious,-0.372,supportive,dropped,273
2025-11-27,18-24,lonely,-0.105,supportive,returned,534
2025-11-27,25-34,stressed,-0.411,empathetic,returned,432
2025-11-27,18-24,sad,-0.163,supportive,returned,324
2025-11-27,55-64,stressed,-0.183,neutral,dropped,256
2025-11-27,13-17,lonely,-0.074,neutral,escalated_to_human,368
2025-11-28,13-17,stressed,-0.465,supportive,escalated_to_human,412
2025-11-28,25-34,anxious,0.211,supportive,returned,396
2025-11-28,18-24,lonely,-0.179,supportive,returned,314
2025-11-28,25-34,sad,-0.463,corrective,dropped,226
2025-11-28,25-34,hopeful,0.609,supportive,returned,198
2025-11-29,35-44,overwhelmed,-0.336,supportive,dropped,501
2025-11-29,45-54,calm,0.504,empathetic,returned,113
2025-11-29,25-34,calm,0.311,corrective,returned,113
2025-11-29,55-64,anxious,-0.209,neutral,returned,587
2025-11-29,25-34,lonely,-0.215,empathetic,returned,478
2025-11-30,45-54,hopeful,0.134,neutral,returned,201
2025-12-01,25-34,stressed,-0.064,empathetic,returned,494
2025-12-01,55-64,stressed,0.121,empathetic,returned,319
2025-12-01,45-54,anxious,-0.114,supportive,returned,276
2025-12-01,18-24,anxious,-0.122,supportive,returned,336
2025-12-01,18-24,calm,0.644,supportive,returned,197
2025-12-02,65+,lonely,0.12,supportive,returned,561
2025-12-02,35-44,anxious,-0.349,supportive,returned,249
2025-12-03,35-44,lonely,0.137,empathetic,returned,197
2025-12-03,18-24,stressed,-0.197,supportive,returned,659
2025-12-03,25-34,sad,-0.602,corrective,returned,338
2025-12-04,65+,sad,-0.109,empathetic,returned,412
2025-12-04,25-34,stressed,-0.022,empathetic,returned,719
2025-12-04,35-44,stressed,-0.043,empathetic,escalated_to_human,510
2025-12-05,25-34,anxious,0.022,empathetic,escalated_to_human,144
2025-12-05,25-34,overwhelmed,-0.45,empathetic,dropped,332
2025-12-06,35-44,calm,0.776,supportive,returned,156
2025-12-06,45-54,sad,-0.646,corrective,escalated_to_human,263
2025-12-06,45-54,calm,0.703,empathetic,returned,202
2025-12-06,25-34,sad,-0.08,empathetic,returned,544
2025-12-06,45-54,sad,-0.155,empathetic,returned,415
2025-12-06,18-24,sad,-0.456,neutral,escalated_to_human,244
2025-12-07,25-34,stressed,-0.274,neutral,dropped,228
2025-12-07,45-54,stressed,-0.406,corrective,returned,250
2025-12-08,18-24,anxious,-0.287,supportive,returned,410
2025-12-08,65+,hopeful,0.253,supportive,returned,242
2025-12-10,35-44,sad,-0.334,supportive,returned,358
2025-12-10,65+,anxious,-0.184,supportive,escalated_to_human,291
2025-12-10,45-54,anxious,-0.485,corrective,escalated_to_human,250
2025-12-11,45-54,stressed,0.112,empathetic,returned,454
2025-12-11,25-34,sad,-0.197,empathetic,dropped,590
2025-12-12,25-34,sad,-0.625,neutral,dropped,280
2025-12-12,45-54,anxious,-0.357,neutral,returned,200
2025-12-12,45-54,lonely,-0.323,neutral,returned,284
2025-12-12,18-24,overwhelmed,-0.07,supportive,returned,474
2025-12-14,25-34,lonely,0.032,supportive,escalated_to_human,306
2025-12-14,45-54,sad,-0.637,corrective,escalated_to_human,468
2025-12-14,35-44,anxious,-0.563,neutral,escalated_to_human,217
2025-12-14,65+,sad,-0.601,supportive,returned,420
2025-12-15,18-24,stressed,0.125,neutral,dropped,405
2025-12-15,25-34,calm,0.452,supportive,dropped,217
2025-12-15,25-34,anxious,-0.373,neutral,returned,288
2025-12-16,35-44,stressed,-0.316,supportive,returned,216
2025-12-16,65+,sad,-0.438,supportive,returned,228
2025-12-18,55-64,anxious,-0.171,neutral,dropped,313
2025-12-19,25-34,anxious,-0.301,neutral,escalated_to_human,315
2025-12-19,35-44,calm,0.361,supportive,returned,318
2025-12-19,25-34,hopeful,0.383,supportive,returned,184
2025-12-20,25-34,anxious,-0.416,supportive,escalated_to_human,227
2025-12-21,25-34,calm,0.573,supportive,dropped,152
2025-12-21,25-34,stressed,-0.211,empathetic,returned,418
2025-12-22,18-24,lonely,-0.379,supportive,dropped,231
2025-12-23,35-44,stressed,-0.514,supportive,dropped,658
2025-12-23,65+,overwhelmed,-0.45,empathetic,dropped,618
2025-12-23,35-44,sad,-0.662,neutral,escalated_to_human,330
2025-12-23,35-44,sad,-0.435,supportive,returned,368
2025-12-24,35-44,stressed,-0.334,supportive,dropped,425
2025-12-24,18-24,overwhelmed,-0.425,neutral,returned,570
2025-12-24,35-44,lonely,-0.166,neutral,dropped,197
2025-12-24,25-34,lonely,-0.067,empathetic,returned,602
2025-12-25,65+,anxious,-0.887,corrective,dropped,368
2025-12-25,35-44,anxious,-0.282,empathetic,dropped,399
2025-12-26,18-24,stressed,-0.151,neutral,returned,410
2025-12-26,45-54,sad,-0.385,empathetic,dropped,501
2025-12-27,25-34,hopeful,0.447,neutral,escalated_to_human,113
2025-12-27,25-34,anxious,-0.119,neutral,escalated_to_human,256
2025-12-27,18-24,anxious,-0.164,supportive,returned,280
2025-12-28,35-44,stressed,-0.447,supportive,returned,292
2025-12-29,45-54,hopeful,0.427,supportive,returned,209
2025-12-29,45-54,lonely,-0.114,supportive,returned,324
2025-12-29,35-44,stressed,-0.473,supportive,returned,358
2025-12-30,25-34,lonely,-0.067,neutral,dropped,174
2025-12-30,18-24,hopeful,0.433,supportive,returned,206
2025-12-30,35-44,lonely,-0.186,supportive,returned,330
2025-12-30,35-44,sad,-0.345,supportive,dropped,275
2025-12-31,45-54,sad,-0.373,corrective,dropped,349
2025-12-31,35-44,sad,-0.364,supportive,dropped,163
2025-12-31,18-24,overwhelmed,-0.363,supportive,dropped,663
2025-12-31,35-44,anxious,-0.318,empathetic,returned,433
2026-01-01,35-44,anxious,-0.325,empathetic,returned,788
2026-01-01,13-17,sad,-0.21,neutral,returned,395
2026-01-02,35-44,anxious,-0.457,supportive,dropped,430
2026-01-03,25-34,hopeful,-0.037,supportive,returned,250
2026-01-03,65+,stressed,-0.566,corrective,returned,587
2026-01-03,18-24,sad,-0.418,corrective,dropped,476
2026-01-03,45-54,sad,-0.316,supportive,returned,403
2026-01-03,13-17,anxious,-0.344,corrective,escalated_to_human,665
2026-01-03,13-17,stressed,-0.325,supportive,returned,258
2026-01-03,18-24,anxious,-0.04,neutral,dropped,529
2026-01-04,25-34,hopeful,0.187,empathetic,returned,451
2026-01-04,25-34,lonely,0.263,empathetic,returned,272
2026-01-04,35-44,calm,0.631,corrective,returned,176
2026-01-06,25-34,calm,0.744,empathetic,returned,87
2026-01-06,35-44,sad,-0.361,supportive,returned,242
2026-01-06,25-34,stressed,-0.394,supportive,returned,287
2026-01-08,35-44,anxious,-0.504,supportive,returned,314
2026-01-08,45-54,anxious,-0.336,neutral,returned,300
2026-01-08,18-24,sad,-0.128,supportive,returned,336
2026-01-09,35-44,sad,-0.558,neutral,returned,313
2026-01-09,25-34,calm,0.321,supportive,returned,147
2026-01-10,35-44,sad,-0.231,neutral,returned,259
2026-01-11,45-54,sad,-0.395,neutral,dropped,223
2026-01-11,55-64,stressed,-0.257,supportive,returned,400
2026-01-11,65+,anxious,-0.152,supportive,returned,475
2026-01-11,35-44,lonely,-0.094,supportive,returned,479
2026-01-11,25-34,overwhelmed,-0.29,neutral,returned,507
2026-01-11,25-34,overwhelmed,-0.413,neutral,returned,191
2026-01-12,35-44,anxious,-0.361,corrective,escalated_to_human,387
2026-01-12,45-54,hopeful,0.157,neutral,returned,344
2026-01-12,25-34,sad,-0.134,supportive,returned,221
2026-01-12,45-54,anxious,-0.368,corrective,escalated_to_human,275
2026-01-13,45-54,anxious,-0.341,supportive,returned,496
2026-01-13,18-24,sad,-0.132,supportive,returned,329
2026-01-13,45-54,anxious,0.009,supportive,returned,242
2026-01-13,18-24,overwhelmed,-0.642,corrective,returned,277
2026-01-13,25-34,stressed,-0.246,supportive,returned,284
2026-01-13,45-54,calm,0.223,empathetic,returned,262
2026-01-13,25-34,stressed,-0.253,supportive,returned,391
2026-01-13,65+,hopeful,0.287,corrective,escalated_to_human,210
2026-01-13,45-54,lonely,-0.198,empathetic,dropped,336
2026-01-13,25-34,anxious,-0.441,corrective,returned,188
2026-01-13,65+,overwhelmed,-0.24,supportive,dropped,410
2026-01-14,25-34,overwhelmed,-0.296,supportive,dropped,295
2026-01-14,35-44,sad,-0.348,supportive,returned,226
2026-01-14,25-34,stressed,-0.263,supportive,returned,359
2026-01-15,25-34,sad,-0.327,empathetic,returned,471
2026-01-15,55-64,lonely,-0.281,empathetic,returned,445
2026-01-16,35-44,anxious,0.091,supportive,returned,282
2026-01-16,13-17,anxious,-0.462,neutral,returned,157
2026-01-16,45-54,hopeful,0.318,corrective,returned,448
2026-01-17,25-34,lonely,-0.618,supportive,dropped,437
2026-01-17,55-64,lonely,0.015,neutral,escalated_to_human,217
2026-01-18,25-34,anxious,-0.546,supportive,dropped,380
2026-01-19,45-54,hopeful,0.17,neutral,returned,219
2026-01-19,13-17,sad,-0.47,corrective,escalated_to_human,228
2026-01-20,18-24,sad,-0.472,corrective,returned,304
2026-01-20,55-64,sad,-0.416,empathetic,escalated_to_human,220
2026-01-21,25-34,hopeful,0.124,neutral,escalated_to_human,277
2026-01-21,25-34,lonely,0.1,empathetic,escalated_to_human,636
2026-01-21,35-44,anxious,-0.687,neutral,escalated_to_human,215
2026-01-21,18-24,anxious,-0.307,corrective,dropped,217
2026-01-21,25-34,sad,-0.142,corrective,returned,218
2026-01-22,25-34,overwhelmed,-0.539,empathetic,dropped,424
2026-01-23,18-24,anxious,-0.273,empathetic,returned,431
2026-01-23,35-44,calm,0.443,corrective,dropped,253
2026-01-23,35-44,lonely,-0.077,empathetic,dropped,574
2026-01-23,35-44,stressed,-0.504,corrective,escalated_to_human,253
2026-01-24,55-64,anxious,-0.043,neutral,dropped,274
2026-01-24,35-44,sad,-0.491,supportive,returned,131
2026-01-25,25-34,anxious,-0.362,corrective,returned,316
2026-01-25,45-54,sad,-0.63,empathetic,returned,393
2026-01-25,25-34,anxious,-0.235,supportive,escalated_to_human,294
2026-01-25,13-17,anxious,0.067,supportive,returned,330
2026-01-25,13-17,stressed,-0.39,corrective,dropped,380
2026-01-26,18-24,lonely,-0.165,corrective,escalated_to_human,501
2026-01-26,45-54,calm,0.537,empathetic,escalated_to_human,183
2026-01-26,45-54,hopeful,0.29,supportive,escalated_to_human,373
2026-01-26,35-44,calm,0.569,empathetic,returned,178
2026-01-26,18-24,anxious,-0.082,supportive,escalated_to_human,255
2026-01-26,45-54,stressed,-0.698,neutral,returned,467
2026-01-27,18-24,calm,0.693,empathetic,returned,360
2026-01-27,55-64,sad,-0.431,empathetic,dropped,211
2026-01-27,25-34,overwhelmed,-0.553,supportive,returned,601
2026-01-28,25-34,lonely,-0.363,neutral,returned,424
2026-01-28,55-64,stressed,0.282,supportive,returned,468
2026-01-28,18-24,stressed,-0.196,empathetic,returned,432
2026-01-29,55-64,sad,-0.42,empathetic,returned,284
2026-01-29,25-34,overwhelmed,-0.841,supportive,dropped,221
2026-01-29,35-44,anxious,-0.47,neutral,returned,445
2026-01-29,18-24,anxious,-0.496,corrective,returned,599
2026-01-30,35-44,sad,-0.337,supportive,returned,302
2026-01-30,18-24,anxious,-0.305,supportive,returned,466
2026-01-30,18-24,calm,0.389,supportive,returned,232
2026-01-30,55-64,anxious,-0.758,corrective,escalated_to_human,348
2026-01-31,45-54,calm,0.622,empathetic,returned,325
2026-01-31,35-44,stressed,-0.309,neutral,dropped,215
2026-01-31,25-34,hopeful,0.513,empathetic,dropped,235
2026-01-31,45-54,sad,-0.672,corrective,returned,129
2026-01-31,35-44,stressed,-0.635,corrective,escalated_to_human,359
2026-01-31,35-44,sad,-0.59,neutral,dropped,209
2026-02-01,45-54,calm,0.259,neutral,returned,197
2026-02-01,18-24,anxious,-0.39,corrective,dropped,618
2026-02-01,45-54,stressed,-0.244,corrective,returned,310
2026-02-01,45-54,anxious,-0.463,supportive,returned,361
2026-02-01,45-54,lonely,-0.461,empathetic,dropped,943
2026-02-02,45-54,anxious,-0.584,empathetic,returned,348
2026-02-02,45-54,stressed,-0.129,empathetic,returned,451
2026-02-02,35-44,sad,-0.408,neutral,escalated_to_human,202
2026-02-02,25-34,anxious,-0.471,neutral,dropped,215
